Area,Item,Unit,Element,Source,Y2012,Y2013,Y2014,Y2015,Y2016,Y2017,Y2018,Y2019,Y2020,Y2021,Y2022
Afghanistan,Rice Cultivation,kt,Emissions (CH4),FAO TIER 1,28.7,28.7,30.8,22.96,16.66,15.3233,16.4555,17.8542,20.6577,19.7711,17.92
Afghanistan,Rice Cultivation,kt,Emissions (CO2eq) (AR5),FAO TIER 1,803.6,803.6,862.4,642.88,466.48,429.0524,460.754,499.9176,578.4156,553.5908,501.76
Algeria,Rice Cultivation,kt,Emissions (CH4),FAO TIER 1,0.0504,0.0504,0.0504,0.0438,0.0482,0.0493,0.0471,0.0482,0.0482,0.0479,0.0481
Algeria,Rice Cultivation,kt,Emissions (CO2eq) (AR5),FAO TIER 1,1.4112,1.4112,1.4112,1.2264,1.3496,1.3804,1.3188,1.3496,1.3496,1.3412,1.3468
Angola,Rice Cultivation,kt,Emissions (CH4),FAO TIER 1,7.8126,8.2628,8.419,8.4221,4.499,3.0554,2.3568,2.3708,2.3909,2.4002,2.4002
Angola,Rice Cultivation,kt,Emissions (CO2eq) (AR5),FAO TIER 1,218.7528,231.3584,235.732,235.8188,125.972,85.5512,65.9904,66.3824,66.9452,67.2056,67.2056
Argentina,Rice Cultivation,kt,Emissions (CH4),FAO TIER 1,65.9042,65.156,68.096,65.1252,58.1672,57.148,55.4876,51.3198,51.884,55.998,52.0996
Argentina,Rice Cultivation,kt,Emissions (CO2eq) (AR5),FAO TIER 1,1845.3176,1824.368,1906.688,1823.5056,1628.6816,1600.144,1553.6528,1436.9544,1452.752,1567.944,1458.7888
Australia,Rice Cultivation,kt,Emissions (CH4),FAO TIER 1,32.4812,35.796,24.158,21.9442,8.3869,25.8942,19.2626,2.4003,1.5773,14.2015,19.7029
Australia,Rice Cultivation,kt,Emissions (CO2eq) (AR5),FAO TIER 1,909.4736,1002.288,676.424,614.4376,234.8332,725.0376,539.3528,67.2084,44.1644,397.642,551.6812
Azerbaijan,Rice Cultivation,kt,Emissions (CH4),FAO TIER 1,0.4718,0.5933,0.3044,0.3349,0.7028,1.4288,1.1295,1.1225,0.8403,0.8548,0.8762
Azerbaijan,Rice Cultivation,kt,Emissions (CO2eq) (AR5),FAO TIER 1,13.2104,16.6124,8.5232,9.3772,19.6784,40.0064,31.626,31.43,23.5284,23.9344,24.5336
Bangladesh,Rice Cultivation,kt,Emissions (CH4),FAO TIER 1,1135.4462,1130.3768,1134.7148,1131.2934,1093.4804,1154.531,1144.591,1144.6452,1134.9239,1163.0733,1162.2211
Bangladesh,Rice Cultivation,kt,Emissions (CO2eq) (AR5),FAO TIER 1,31792.4936,31650.5504,31772.0144,31676.2152,30617.4512,32326.868,32048.548,32050.0656,31777.8692,32566.0524,32542.1908
Belize,Rice Cultivation,kt,Emissions (CH4),FAO TIER 1,0.0759,0.1099,0.0983,0.0836,0.095,0.1112,0.0761,0.0677,0.0863,0.074,0.0814
Belize,Rice Cultivation,kt,Emissions (CO2eq) (AR5),FAO TIER 1,2.1252,3.0772,2.7524,2.3408,2.66,3.1136,2.1308,1.8956,2.4164,2.072,2.2792
Benin,Rice Cultivation,kt,Emissions (CH4),FAO TIER 1,1.8404,3.0803,2.0884,1.8285,2.3058,2.2111,3.7852,2.8676,2.9284,3.549,3.7755
Benin,Rice Cultivation,kt,Emissions (CO2eq) (AR5),FAO TIER 1,51.5312,86.2484,58.4752,51.198,64.5624,61.9108,105.9856,80.2928,81.9952,99.372,105.714
Bhutan,Rice Cultivation,kt,Emissions (CH4),FAO TIER 1,2.4335,2.4497,2.3429,2.2981,2.4719,2.4399,1.7356,1.4124,1.4596,1.1208,1.0568
Bhutan,Rice Cultivation,kt,Emissions (CO2eq) (AR5),FAO TIER 1,68.138,68.5916,65.6012,64.3468,69.2132,68.3172,48.5968,39.5472,40.8688,31.3824,29.5904
Bolivia (Plurinational State of),Rice Cultivation,kt,Emissions (CH4),FAO TIER 1,11.0251,11.641,12.2447,11.645,11.4733,12.0977,11.8844,13.1097,12.3561,12.5121,14.2252
Bolivia (Plurinational State of),Rice Cultivation,kt,Emissions (CO2eq) (AR5),FAO TIER 1,308.7028,325.948,342.8516,326.06,321.2524,338.7356,332.7632,367.0716,345.9708,350.3388,398.3056
Brazil,Rice Cultivation,kt,Emissions (CH4),FAO TIER 1,156.7672,152.8608,152.0634,138.9103,126.2782,130.3229,121.6152,111.0857,108.9837,109.7298,105.4574
Brazil,Rice Cultivation,kt,Emissions (CO2eq) (AR5),FAO TIER 1,4389.4816,4280.1024,4257.7752,3889.4884,3535.7896,3649.0412,3405.2256,3110.3996,3051.5436,3072.4344,2952.8072
Brunei Darussalam,Rice Cultivation,kt,Emissions (CH4),FAO TIER 1,0.2778,0.2257,0.2257,0.2257,0.2431,0.2257,0.2084,0.191,0.2257,0.2605,0.2605
Brunei Darussalam,Rice Cultivation,kt,Emissions (CO2eq) (AR5),FAO TIER 1,7.7784,6.3196,6.3196,6.3196,6.8068,6.3196,5.8352,5.348,6.3196,7.294,7.294
Bulgaria,Rice Cultivation,kt,Emissions (CH4),FAO TIER 1,2.7643,2.8599,3.092,3.4748,3.3566,2.9215,3.08,3.3096,3.458,3.374,2.9624
Bulgaria,Rice Cultivation,kt,Emissions (CO2eq) (AR5),FAO TIER 1,77.4004,80.0772,86.576,97.2944,93.9848,81.802,86.24,92.6688,96.824,94.472,82.9472
Burkina Faso,Rice Cultivation,kt,Emissions (CH4),FAO TIER 1,34.1065,34.6019,35.9498,35.5646,42.4034,41.1394,40.1085,44.1723,50.2721,55.0862,49.4595
Burkina Faso,Rice Cultivation,kt,Emissions (CO2eq) (AR5),FAO TIER 1,954.982,968.8532,1006.5944,995.8088,1187.2952,1151.9032,1123.038,1236.8244,1407.6188,1542.4136,1384.866
Burundi,Rice Cultivation,kt,Emissions (CH4),FAO TIER 1,2.1498,1.5169,1.6611,2.3972,4.4626,3.4651,3.4869,4.1298,3.9871,3.5663,3.8109
Burundi,Rice Cultivation,kt,Emissions (CO2eq) (AR5),FAO TIER 1,60.1944,42.4732,46.5108,67.1216,124.9528,97.0228,97.6332,115.6344,111.6388,99.8564,106.7052
Cambodia,Rice Cultivation,kt,Emissions (CH4),FAO TIER 1,469.3515,463.3362,472.6997,472.2315,483.7798,497.825,506.8764,509.3733,510.1536,545.8909,515.4596
Cambodia,Rice Cultivation,kt,Emissions (CO2eq) (AR5),FAO TIER 1,13141.842,12973.4136,13235.5916,13222.482,13545.8344,13939.1,14192.5392,14262.4524,14284.3008,15284.9452,14432.8688
Cameroon,Rice Cultivation,kt,Emissions (CH4),FAO TIER 1,8.952,11.6714,8.8831,15.8745,9.216,9.5246,8.6782,9.5762,9.5401,10.751,10.9718
Cameroon,Rice Cultivation,kt,Emissions (CO2eq) (AR5),FAO TIER 1,250.656,326.7992,248.7268,444.486,258.048,266.6888,242.9896,268.1336,267.1228,301.028,307.2104
Central African Republic,Rice Cultivation,kt,Emissions (CH4),FAO TIER 1,0.7226,0.5222,0.6411,0.509,0.5804,0.5803,0.6035,0.6276,3.7956,3.1987,2.5887
Central African Republic,Rice Cultivation,kt,Emissions (CO2eq) (AR5),FAO TIER 1,20.2328,14.6216,17.9508,14.252,16.2512,16.2484,16.898,17.5728,106.2768,89.5636,72.4836
Chad,Rice Cultivation,kt,Emissions (CH4),FAO TIER 1,10.1892,15.2438,13.5602,12.0408,12.7683,13.372,13.0078,13.4629,13.2426,12.886,12.3976
Chad,Rice Cultivation,kt,Emissions (CO2eq) (AR5),FAO TIER 1,285.2976,426.8264,379.6856,337.1424,357.5124,374.416,364.2184,376.9612,370.7928,360.808,347.1328
Chile,Rice Cultivation,kt,Emissions (CH4),FAO TIER 1,5.3068,4.6452,4.9544,5.2455,5.8706,4.6313,6.5303,5.8047,5.8384,5.0799,4.5815
Chile,Rice Cultivation,kt,Emissions (CO2eq) (AR5),FAO TIER 1,148.5904,130.0656,138.7232,146.874,164.3768,129.6764,182.8484,162.5316,163.4752,142.2372,128.282
China,Rice Cultivation,kt,Emissions (CH4),FAO TIER 1,5399.9588,5442.7146,5452.6058,5452.4326,5449.7583,5450.1202,5351.5872,5263.6067,5330.5952,5295.8324,5215.8015
China,Rice Cultivation,kt,Emissions (CO2eq) (AR5),FAO TIER 1,151198.8464,152396.0088,152672.9624,152668.1128,152593.2324,152603.3656,149844.4416,147380.9876,149256.6656,148283.3072,146042.442
"China, mainland",Rice Cultivation,kt,Emissions (CH4),FAO TIER 1,5352.4999,5393.5446,5403.2745,5406.5939,5399.92,5400.129,5302.1731,5214.4547,5282.9504,5255.0604,5172.3035
"China, mainland",Rice Cultivation,kt,Emissions (CO2eq) (AR5),FAO TIER 1,149869.9972,151019.2488,151291.686,151384.6292,151197.76,151203.612,148460.8468,146004.7316,147922.6112,147141.6912,144824.498
"China, Taiwan Province of",Rice Cultivation,kt,Emissions (CH4),FAO TIER 1,47.4589,49.17,49.3313,45.8387,49.8383,49.9912,49.4141,49.152,47.6448,40.772,43.498
"China, Taiwan Province of",Rice Cultivation,kt,Emissions (CO2eq) (AR5),FAO TIER 1,1328.8492,1376.76,1381.2764,1283.4836,1395.4724,1399.7536,1383.5948,1376.256,1334.0544,1141.616,1217.944
Colombia,Rice Cultivation,kt,Emissions (CH4),FAO TIER 1,99.7668,110.1682,95.5814,105.009,126.5163,137.2493,122.248,122.4552,135.9232,137.7466,119.9481
Colombia,Rice Cultivation,kt,Emissions (CO2eq) (AR5),FAO TIER 1,2793.4704,3084.7096,2676.2792,2940.252,3542.4564,3842.9804,3422.944,3428.7456,3805.8496,3856.9048,3358.5468
Comoros,Rice Cultivation,kt,Emissions (CH4),FAO TIER 1,0.002,0.0028,0.0094,0.0085,0.0075,0.0066,0.0066,0.0047,0.0047,0.0037,0.0047
Comoros,Rice Cultivation,kt,Emissions (CO2eq) (AR5),FAO TIER 1,0.056,0.0784,0.2632,0.238,0.21,0.1848,0.1848,0.1316,0.1316,0.1036,0.1316
Congo,Rice Cultivation,kt,Emissions (CH4),FAO TIER 1,0.1378,0.1382,0.1402,0.1426,0.1456,0.1442,0.1409,0.134,0.1282,0.1198,0.1203
Congo,Rice Cultivation,kt,Emissions (CO2eq) (AR5),FAO TIER 1,3.8584,3.8696,3.9256,3.9928,4.0768,4.0376,3.9452,3.752,3.5896,3.3544,3.3684
Costa Rica,Rice Cultivation,kt,Emissions (CH4),FAO TIER 1,1.5827,1.8591,1.2862,1.3691,1.35,1.0732,1.083,0.9739,1.049,1.0981,0.7608
Costa Rica,Rice Cultivation,kt,Emissions (CO2eq) (AR5),FAO TIER 1,44.3156,52.0548,36.0136,38.3348,37.8,30.0496,30.324,27.2692,29.372,30.7468,21.3024
CÃ´te d'Ivoire,Rice Cultivation,kt,Emissions (CH4),FAO TIER 1,20.2628,24.0501,25.1078,25.7596,23.8231,24.1273,22.4276,20.4826,16.1314,17.7725,21.0039
CÃ´te d'Ivoire,Rice Cultivation,kt,Emissions (CO2eq) (AR5),FAO TIER 1,567.3584,673.4028,703.0184,721.2688,667.0468,675.5644,627.9728,573.5128,451.6792,497.63,588.1092
Cuba,Rice Cultivation,kt,Emissions (CH4),FAO TIER 1,56.7582,55.3904,48.0402,31.4065,39.2045,31.4597,37.4406,32.7905,20.8869,18.625,14.8441
Cuba,Rice Cultivation,kt,Emissions (CO2eq) (AR5),FAO TIER 1,1589.2296,1550.9312,1345.1256,879.382,1097.726,880.8716,1048.3368,918.134,584.8332,521.5,415.6348
Democratic People's Republic of Korea,Rice Cultivation,kt,Emissions (CH4),FAO TIER 1,100.2354,97.3868,93.4699,82.8233,83.4424,84.5961,83.9432,82.937,83.7303,90.3498,87.3436
Democratic People's Republic of Korea,Rice Cultivation,kt,Emissions (CO2eq) (AR5),FAO TIER 1,2806.5912,2726.8304,2617.1572,2319.0524,2336.3872,2368.6908,2350.4096,2322.236,2344.4484,2529.7944,2445.6208
Democratic Republic of the Congo,Rice Cultivation,kt,Emissions (CH4),FAO TIER 1,20.2773,25.4389,31.9918,32.0527,33.0354,34.3012,33.9979,33.8604,31.416,33.8005,44.9456
Democratic Republic of the Congo,Rice Cultivation,kt,Emissions (CO2eq) (AR5),FAO TIER 1,567.7644,712.2892,895.7704,897.4756,924.9912,960.4336,951.9412,948.0912,879.648,946.414,1258.4768
Dominican Republic,Rice Cultivation,kt,Emissions (CH4),FAO TIER 1,44.1519,44.0056,44.7703,43.7457,45.0527,47.8523,52.8506,49.0428,50.2642,52.4635,54.2861
Dominican Republic,Rice Cultivation,kt,Emissions (CO2eq) (AR5),FAO TIER 1,1236.2532,1232.1568,1253.5684,1224.8796,1261.4756,1339.8644,1479.8168,1373.1984,1407.3976,1468.978,1520.0108
Ecuador,Rice Cultivation,kt,Emissions (CH4),FAO TIER 1,77.952,83.328,74.361,78.771,76.902,75.201,62.643,54.033,65.709,71.463,70.938
Ecuador,Rice Cultivation,kt,Emissions (CO2eq) (AR5),FAO TIER 1,2182.656,2333.184,2082.108,2205.588,2153.256,2105.628,1754.004,1512.924,1839.852,2000.964,1986.264
Egypt,Rice Cultivation,kt,Emissions (CH4),FAO TIER 1,173.6798,167.1877,160.6371,143.0388,159.2326,153.9127,101.101,153.5929,139.8211,129.9838,180.9684
Egypt,Rice Cultivation,kt,Emissions (CO2eq) (AR5),FAO TIER 1,4863.0344,4681.2556,4497.8388,4005.0864,4458.5128,4309.5556,2830.828,4300.6012,3914.9908,3639.5464,5067.1152
El Salvador,Rice Cultivation,kt,Emissions (CH4),FAO TIER 1,0.124,0.1648,0.1988,0.1697,0.1116,0.1254,0.0996,0.0968,0.0898,0.0794,0.0942
El Salvador,Rice Cultivation,kt,Emissions (CO2eq) (AR5),FAO TIER 1,3.472,4.6144,5.5664,4.7516,3.1248,3.5112,2.7888,2.7104,2.5144,2.2232,2.6376
Eswatini,Rice Cultivation,kt,Emissions (CH4),FAO TIER 1,0.0159,0.017,0.0182,0.0188,0.0192,0.0213,0.0229,0.0221,0.0216,0.0218,0.022
Eswatini,Rice Cultivation,kt,Emissions (CO2eq) (AR5),FAO TIER 1,0.4452,0.476,0.5096,0.5264,0.5376,0.5964,0.6412,0.6188,0.6048,0.6104,0.616
Ethiopia,Rice Cultivation,kt,Emissions (CH4),FAO TIER 1,5.8535,4.7348,6.5565,6.3636,6.7785,7.435,8.8707,8.0606,8.7571,8.4,8.4
Ethiopia,Rice Cultivation,kt,Emissions (CO2eq) (AR5),FAO TIER 1,163.898,132.5744,183.582,178.1808,189.798,208.18,248.3796,225.6968,245.1988,235.2,235.2
Fiji,Rice Cultivation,kt,Emissions (CH4),FAO TIER 1,0.2668,0.301,0.1748,0.2954,0.4036,0.4238,0.329,0.2682,0.3283,0.3579,0.4568
Fiji,Rice Cultivation,kt,Emissions (CO2eq) (AR5),FAO TIER 1,7.4704,8.428,4.8944,8.2712,11.3008,11.8664,9.212,7.5096,9.1924,10.0212,12.7904
France,Rice Cultivation,kt,Emissions (CH4),FAO TIER 1,11.1787,10.336,8.4526,8.1482,8.4234,8.6421,6.6931,7.6104,7.2173,6.0631,5.927
France,Rice Cultivation,kt,Emissions (CO2eq) (AR5),FAO TIER 1,313.0036,289.408,236.6728,228.1496,235.8552,241.9788,187.4068,213.0912,202.0844,169.7668,165.956
Gabon,Rice Cultivation,kt,Emissions (CH4),FAO TIER 1,0.0434,0.0434,0.0419,0.0416,0.042,0.0426,0.0438,0.0437,0.043,0.0433,0.0435
Gabon,Rice Cultivation,kt,Emissions (CO2eq) (AR5),FAO TIER 1,1.2152,1.2152,1.1732,1.1648,1.176,1.1928,1.2264,1.2236,1.204,1.2124,1.218
Gambia,Rice Cultivation,kt,Emissions (CH4),FAO TIER 1,16.0252,16.7278,16.7041,21.4691,16.6068,16.5952,11.3937,16.38,15.3753,8.973,11.6974
Gambia,Rice Cultivation,kt,Emissions (CO2eq) (AR5),FAO TIER 1,448.7056,468.3784,467.7148,601.1348,464.9904,464.6656,319.0236,458.64,430.5084,251.244,327.5272
Ghana,Rice Cultivation,kt,Emissions (CH4),FAO TIER 1,12.7363,14.5088,15.0528,15.6757,16.3872,17.2658,13.8432,18.9504,19.5552,23.9904,20.496
Ghana,Rice Cultivation,kt,Emissions (CO2eq) (AR5),FAO TIER 1,356.6164,406.2464,421.4784,438.9196,458.8416,483.4424,387.6096,530.6112,547.5456,671.7312,573.888
Greece,Rice Cultivation,kt,Emissions (CH4),FAO TIER 1,15.5157,14.1625,13.6557,14.6375,16.2037,15.5741,15.2964,15.0494,18.1894,17.5846,14.5051
Greece,Rice Cultivation,kt,Emissions (CO2eq) (AR5),FAO TIER 1,434.4396,396.55,382.3596,409.85,453.7036,436.0748,428.2992,421.3832,509.3032,492.3688,406.1428
Guatemala,Rice Cultivation,kt,Emissions (CH4),FAO TIER 1,0.3014,0.3072,0.3131,0.3131,0.317,0.2996,0.3066,0.2159,0.2522,0.2692,0.3486
Guatemala,Rice Cultivation,kt,Emissions (CO2eq) (AR5),FAO TIER 1,8.4392,8.6016,8.7668,8.7668,8.876,8.3888,8.5848,6.0452,7.0616,7.5376,9.7608
Guinea,Rice Cultivation,kt,Emissions (CH4),FAO TIER 1,176.8532,181.6812,187.0101,188.6989,186.6482,199.7301,205.6902,195.4695,185.0116,182.514,180.05
Guinea,Rice Cultivation,kt,Emissions (CO2eq) (AR5),FAO TIER 1,4951.8896,5087.0736,5236.2828,5283.5692,5226.1496,5592.4428,5759.3256,5473.146,5180.3248,5110.392,5041.4
Guinea-Bissau,Rice Cultivation,kt,Emissions (CH4),FAO TIER 1,7.9989,9.45,5.95,7.6509,8.3416,7.4243,7.9683,8.4945,8.3403,8.8658,9.1204
Guinea-Bissau,Rice Cultivation,kt,Emissions (CO2eq) (AR5),FAO TIER 1,223.9692,264.6,166.6,214.2252,233.5648,207.8804,223.1124,237.846,233.5284,248.2424,255.3712
Guyana,Rice Cultivation,kt,Emissions (CH4),FAO TIER 1,38.1444,43.8368,49.3164,50.806,39.9532,46.0978,44.422,47.2948,49.343,41.4428,41.0172
Guyana,Rice Cultivation,kt,Emissions (CO2eq) (AR5),FAO TIER 1,1068.0432,1227.4304,1380.8592,1422.568,1118.6896,1290.7384,1243.816,1324.2544,1381.604,1160.3984,1148.4816
Haiti,Rice Cultivation,kt,Emissions (CH4),FAO TIER 1,6.7228,6.5865,5.8871,5.2776,6.7596,6.8632,16.6421,6.6261,6.6676,6.6474,6.1466
Haiti,Rice Cultivation,kt,Emissions (CO2eq) (AR5),FAO TIER 1,188.2384,184.422,164.8388,147.7728,189.2688,192.1696,465.9788,185.5308,186.6928,186.1272,172.1048
Honduras,Rice Cultivation,kt,Emissions (CH4),FAO TIER 1,0.252,0.226,0.549,0.5206,0.5331,0.4277,0.4227,0.4469,0.5643,0.4895,0.4936
Honduras,Rice Cultivation,kt,Emissions (CO2eq) (AR5),FAO TIER 1,7.056,6.328,15.372,14.5768,14.9268,11.9756,11.8356,12.5132,15.8004,13.706,13.8208
Hungary,Rice Cultivation,kt,Emissions (CH4),FAO TIER 1,0.8288,0.7392,0.672,0.7848,0.8142,0.7742,0.8204,0.742,0.8372,0.7616,0.6524
Hungary,Rice Cultivation,kt,Emissions (CO2eq) (AR5),FAO TIER 1,23.2064,20.6976,18.816,21.9744,22.7976,21.6776,22.9712,20.776,23.4416,21.3248,18.2672
India,Rice Cultivation,kt,Emissions (CH4),FAO TIER 1,4513.1122,4658.9909,4656.2516,4591.7756,4643.9433,4620.7898,4661.1538,4608.9924,4831.3429,4885.1775,4897.984
India,Rice Cultivation,kt,Emissions (CO2eq) (AR5),FAO TIER 1,126367.1416,130451.7452,130375.0448,128569.7168,130030.4124,129382.1144,130512.3064,129051.7872,135277.6012,136784.97,137143.552
Indonesia,Rice Cultivation,kt,Emissions (CH4),FAO TIER 1,2450.6619,2459.1191,2425.7134,2407.9535,2241.1368,2304.5652,2405.6138,2257.6043,2253.2463,2201.3463,2209.9875
Indonesia,Rice Cultivation,kt,Emissions (CO2eq) (AR5),FAO TIER 1,68618.5332,68855.3348,67919.9752,67422.698,62751.8304,64527.8256,67357.1864,63212.9204,63090.8964,61637.6964,61879.65
Iran (Islamic Republic of),Rice Cultivation,kt,Emissions (CH4),FAO TIER 1,125.286,124.1863,118.4922,116.4867,131.0085,87.2336,93.9366,126.385,108.6757,95.2418,87.92
Iran (Islamic Republic of),Rice Cultivation,kt,Emissions (CO2eq) (AR5),FAO TIER 1,3508.008,3477.2164,3317.7816,3261.6276,3668.238,2442.5408,2630.2248,3538.78,3042.9196,2666.7704,2461.76
Iraq,Rice Cultivation,kt,Emissions (CH4),FAO TIER 1,22.2519,26.8262,22.1057,6.8292,10.5647,15.1992,1.5183,35.7484,28.4463,26.9319,1.0749
Iraq,Rice Cultivation,kt,Emissions (CO2eq) (AR5),FAO TIER 1,623.0532,751.1336,618.9596,191.2176,295.8116,425.5776,42.5124,1000.9552,796.4964,754.0932,30.0972
Italy,Rice Cultivation,kt,Emissions (CH4),FAO TIER 1,118.4662,108.8736,110.628,114.5748,118.003,118.003,109.4638,110.8951,114.5693,114.4282,110.0837
Italy,Rice Cultivation,kt,Emissions (CO2eq) (AR5),FAO TIER 1,3317.0536,3048.4608,3097.584,3208.0944,3304.084,3304.084,3064.9864,3105.0628,3207.9404,3203.9896,3082.3436
Jamaica,Rice Cultivation,kt,Emissions (CH4),FAO TIER 1,0.0069,0.0011,0.0007,0.0004,0.0003,0.0001,0,0.0001,0,0,0
Jamaica,Rice Cultivation,kt,Emissions (CO2eq) (AR5),FAO TIER 1,0.1932,0.0308,0.0196,0.0112,0.0084,0.0028,0,0.0028,0,0,0
Japan,Rice Cultivation,kt,Emissions (CH4),FAO TIER 1,335.9664,337.0059,334.5111,330.3531,326.403,323.7003,305.613,305.613,303.9498,291.8916,311.3302
Japan,Rice Cultivation,kt,Emissions (CO2eq) (AR5),FAO TIER 1,9407.0592,9436.1652,9366.3108,9249.8868,9139.284,9063.6084,8557.164,8557.164,8510.5944,8172.9648,8717.2456
Kazakhstan,Rice Cultivation,kt,Emissions (CH4),FAO TIER 1,20.448,19.6566,20.9419,21.7059,20.7313,22.969,22.3053,22.4131,22.4806,21.2402,19.3282
Kazakhstan,Rice Cultivation,kt,Emissions (CO2eq) (AR5),FAO TIER 1,572.544,550.3848,586.3732,607.7652,580.4764,643.132,624.5484,627.5668,629.4568,594.7256,541.1896
Kenya,Rice Cultivation,kt,Emissions (CH4),FAO TIER 1,2.0741,2.1944,1.9873,2.0607,2.0536,2.1274,1.8176,1.7494,1.9793,1.7884,2.073
Kenya,Rice Cultivation,kt,Emissions (CO2eq) (AR5),FAO TIER 1,58.0748,61.4432,55.6444,57.6996,57.5008,59.5672,50.8928,48.9832,55.4204,50.0752,58.044
Kyrgyzstan,Rice Cultivation,kt,Emissions (CH4),FAO TIER 1,1.5738,1.7373,1.772,1.8927,2.1769,2.3527,2.4939,2.4846,2.6216,2.7264,2.5576
Kyrgyzstan,Rice Cultivation,kt,Emissions (CO2eq) (AR5),FAO TIER 1,44.0664,48.6444,49.616,52.9956,60.9532,65.8756,69.8292,69.5688,73.4048,76.3392,71.6128
Lao People's Democratic Republic,Rice Cultivation,kt,Emissions (CH4),FAO TIER 1,91.7432,87.56,94.108,94.8268,95.63,93.9407,83.3336,83.5818,90.5576,84.3274,80.3886
Lao People's Democratic Republic,Rice Cultivation,kt,Emissions (CO2eq) (AR5),FAO TIER 1,2568.8096,2451.68,2635.024,2655.1504,2677.64,2630.3396,2333.3408,2340.2904,2535.6128,2361.1672,2250.8808
Liberia,Rice Cultivation,kt,Emissions (CH4),FAO TIER 1,2.7174,2.5399,2.6691,3.0829,3.6728,2.747,2.7999,2.8812,2.8577,2.8577,3.0223
Liberia,Rice Cultivation,kt,Emissions (CO2eq) (AR5),FAO TIER 1,76.0872,71.1172,74.7348,86.3212,102.8384,76.916,78.3972,80.6736,80.0156,80.0156,84.6244
Madagascar,Rice Cultivation,kt,Emissions (CH4),FAO TIER 1,220.6142,179.4389,216.462,200.0618,223.6533,220.7916,261.9008,283.2425,296.3266,283.136,282.8186
Madagascar,Rice Cultivation,kt,Emissions (CO2eq) (AR5),FAO TIER 1,6177.1976,5024.2892,6060.936,5601.7304,6262.2924,6182.1648,7333.2224,7930.79,8297.1448,7927.808,7918.9208
Malawi,Rice Cultivation,kt,Emissions (CH4),FAO TIER 1,4.2092,4.5693,4.718,4.6033,3.7573,4.5417,4.478,4.9401,5.0934,5.32,5.3051
Malawi,Rice Cultivation,kt,Emissions (CO2eq) (AR5),FAO TIER 1,117.8576,127.9404,132.104,128.8924,105.2044,127.1676,125.384,138.3228,142.6152,148.96,148.5428
Malaysia,Rice Cultivation,kt,Emissions (CH4),FAO TIER 1,122.4769,120.1749,109.9588,121.9426,123.2328,122.6563,125.2385,120.2474,115.3851,115.9269,114.2245
Malaysia,Rice Cultivation,kt,Emissions (CO2eq) (AR5),FAO TIER 1,3429.3532,3364.8972,3078.8464,3414.3928,3450.5184,3434.3764,3506.678,3366.9272,3230.7828,3245.9532,3198.286
Mali,Rice Cultivation,kt,Emissions (CH4),FAO TIER 1,42.147,46.1315,47.8929,53.3498,58.425,53.7512,67.8663,64.7251,62.8642,61.1822,62.1681
Mali,Rice Cultivation,kt,Emissions (CO2eq) (AR5),FAO TIER 1,1180.116,1291.682,1341.0012,1493.7944,1635.9,1505.0336,1900.2564,1812.3028,1760.1976,1713.1016,1740.7068
Mauritania,Rice Cultivation,kt,Emissions (CH4),FAO TIER 1,10.36,11.452,15.9891,12.3621,12.1772,16.52,17.36,20.44,19.04,21.56,19.88
Mauritania,Rice Cultivation,kt,Emissions (CO2eq) (AR5),FAO TIER 1,290.08,320.656,447.6948,346.1388,340.9616,462.56,486.08,572.32,533.12,603.68,556.64
Mauritius,Rice Cultivation,kt,Emissions (CH4),FAO TIER 1,0.0547,0.0538,0.0729,0.0602,0.0285,0.0099,0.0023,0.0011,0,0,0
Mauritius,Rice Cultivation,kt,Emissions (CO2eq) (AR5),FAO TIER 1,1.5316,1.5064,2.0412,1.6856,0.798,0.2772,0.0644,0.0308,0,0,0
Mexico,Rice Cultivation,kt,Emissions (CH4),FAO TIER 1,3.6501,3.8041,4.6657,4.6652,4.7541,4.7711,5.1833,4.4219,5.4591,4.6242,4.3273
Mexico,Rice Cultivation,kt,Emissions (CO2eq) (AR5),FAO TIER 1,102.2028,106.5148,130.6396,130.6256,133.1148,133.5908,145.1324,123.8132,152.8548,129.4776,121.1644
Micronesia (Federated States of),Rice Cultivation,kt,Emissions (CH4),FAO TIER 1,0.0211,0.0223,0.023,0.0225,0.0226,0.0226,0.0227,0.0229,0.0229,0.0229,0.023
Micronesia (Federated States of),Rice Cultivation,kt,Emissions (CO2eq) (AR5),FAO TIER 1,0.5908,0.6244,0.644,0.63,0.6328,0.6328,0.6356,0.6412,0.6412,0.6412,0.644
Morocco,Rice Cultivation,kt,Emissions (CH4),FAO TIER 1,2.562,1.4,1.2339,2.3267,2.1076,2.2436,2.2655,2.2324,1.6206,2.1154,1.7696
Morocco,Rice Cultivation,kt,Emissions (CO2eq) (AR5),FAO TIER 1,71.736,39.2,34.5492,65.1476,59.0128,62.8208,63.434,62.5072,45.3768,59.2312,49.5488
Mozambique,Rice Cultivation,kt,Emissions (CH4),FAO TIER 1,25.438,28.259,26.355,21.77,22.89,22.75,24.5,18.9,21.91,22.3645,20.3
Mozambique,Rice Cultivation,kt,Emissions (CO2eq) (AR5),FAO TIER 1,712.264,791.252,737.94,609.56,640.92,637,686,529.2,613.48,626.206,568.4
Myanmar,Rice Cultivation,kt,Emissions (CH4),FAO TIER 1,1093.7304,1088.1122,1075.0446,1059.4105,1052.2899,1055.6546,1118.8483,1083.1199,1068.8786,1102.2595,1079.7239
Myanmar,Rice Cultivation,kt,Emissions (CO2eq) (AR5),FAO TIER 1,30624.4512,30467.1416,30101.2488,29663.494,29464.1172,29558.3288,31327.7524,30327.3572,29928.6008,30863.266,30232.2692
Nepal,Rice Cultivation,kt,Emissions (CH4),FAO TIER 1,148.7621,155.7135,149.2622,142.7237,162.5746,153.8908,156.2154,152.7776,154.3022,154.711,151.7183
Nepal,Rice Cultivation,kt,Emissions (CO2eq) (AR5),FAO TIER 1,4165.3388,4359.978,4179.3416,3996.2636,4552.0888,4308.9424,4374.0312,4277.7728,4320.4616,4331.908,4248.1124
Nicaragua,Rice Cultivation,kt,Emissions (CH4),FAO TIER 1,3.105,2.0963,1.853,1.5266,1.8743,1.9012,1.9532,2.0695,2.0718,2.1704,2.2158
Nicaragua,Rice Cultivation,kt,Emissions (CO2eq) (AR5),FAO TIER 1,86.94,58.6964,51.884,42.7448,52.4804,53.2336,54.6896,57.946,58.0104,60.7712,62.0424
Niger,Rice Cultivation,kt,Emissions (CH4),FAO TIER 1,1.6462,2.1141,2.5164,2.0498,2.3038,2.3327,2.9359,2.6204,2.4618,2.9627,3.1766
Niger,Rice Cultivation,kt,Emissions (CO2eq) (AR5),FAO TIER 1,46.0936,59.1948,70.4592,57.3944,64.5064,65.3156,82.2052,73.3712,68.9304,82.9556,88.9448
Nigeria,Rice Cultivation,kt,Emissions (CH4),FAO TIER 1,313.5305,320.9297,337.4089,341.7486,448.9969,486.8554,445.092,451.7878,459.2795,472.9645,501.4184
Nigeria,Rice Cultivation,kt,Emissions (CO2eq) (AR5),FAO TIER 1,8778.854,8986.0316,9447.4492,9568.9608,12571.9132,13631.9512,12462.576,12650.0584,12859.826,13243.006,14039.7152
North Macedonia,Rice Cultivation,kt,Emissions (CH4),FAO TIER 1,1.3037,1.3048,1.4487,1.3958,1.4112,0.9167,0.9022,0.9747,0.8896,0.8711,0.8719
North Macedonia,Rice Cultivation,kt,Emissions (CO2eq) (AR5),FAO TIER 1,36.5036,36.5344,40.5636,39.0824,39.5136,25.6676,25.2616,27.2916,24.9088,24.3908,24.4132
Pakistan,Rice Cultivation,kt,Emissions (CH4),FAO TIER 1,323.232,390.4837,404.6904,383.5293,381.3618,406.0833,393.4042,424.7543,466.9819,495.2317,416.6735
Pakistan,Rice Cultivation,kt,Emissions (CO2eq) (AR5),FAO TIER 1,9050.496,10933.5436,11331.3312,10738.8204,10678.1304,11370.3324,11015.3176,11893.1204,13075.4932,13866.4876,11666.858
Panama,Rice Cultivation,kt,Emissions (CH4),FAO TIER 1,1.2086,1.3027,1.0951,1.2933,1.2778,1.3048,1.3223,1.36,1.3982,1.3551,1.3307
Panama,Rice Cultivation,kt,Emissions (CO2eq) (AR5),FAO TIER 1,33.8408,36.4756,30.6628,36.2124,35.7784,36.5344,37.0244,38.08,39.1496,37.9428,37.2596
Papua New Guinea,Rice Cultivation,kt,Emissions (CH4),FAO TIER 1,0.0957,0.0957,0.0958,0.0963,0.0969,0.0965,0.0962,0.0974,0.0973,0.0974,0.0975
Papua New Guinea,Rice Cultivation,kt,Emissions (CO2eq) (AR5),FAO TIER 1,2.6796,2.6796,2.6824,2.6964,2.7132,2.702,2.6936,2.7272,2.7244,2.7272,2.73
Paraguay,Rice Cultivation,kt,Emissions (CH4),FAO TIER 1,11.2,13.72,16.8,17.92,18.2,19.6,19.88,22.68,25.2,24.92,23.8
Paraguay,Rice Cultivation,kt,Emissions (CO2eq) (AR5),FAO TIER 1,313.6,384.16,470.4,501.76,509.6,548.8,556.64,635.04,705.6,697.76,666.4
Peru,Rice Cultivation,kt,Emissions (CH4),FAO TIER 1,91.9441,93.0571,89.6978,93.9626,97.4672,100.2547,103.003,97.4672,98.0572,99.9857,97.4399
Peru,Rice Cultivation,kt,Emissions (CO2eq) (AR5),FAO TIER 1,2574.4348,2605.5988,2511.5384,2630.9528,2729.0816,2807.1316,2884.084,2729.0816,2745.6016,2799.5996,2728.3172
Philippines,Rice Cultivation,kt,Emissions (CH4),FAO TIER 1,1569.1303,1587.8761,1585.7284,1557.8106,1524.2925,1609.8625,1606.0479,1556.2256,1578.7775,1607.6107,1607.4167
Philippines,Rice Cultivation,kt,Emissions (CO2eq) (AR5),FAO TIER 1,43935.6484,44460.5308,44400.3952,43618.6968,42680.19,45076.15,44969.3412,43574.3168,44205.77,45013.0996,45007.6676
Portugal,Rice Cultivation,kt,Emissions (CH4),FAO TIER 1,15.7117,15.2092,14.492,14.6876,14.6911,14.5878,14.7924,14.5303,13.0738,14.7974,13.739
Portugal,Rice Cultivation,kt,Emissions (CO2eq) (AR5),FAO TIER 1,439.9276,425.8576,405.776,411.2528,411.3508,408.4584,414.1872,406.8484,366.0664,414.3272,384.692
Puerto Rico,Rice Cultivation,kt,Emissions (CH4),FAO TIER 1,0,0,0.0052,0.0205,0.0086,0.0114,0.0135,0.0112,0.012,0.0122,0.0118
Puerto Rico,Rice Cultivation,kt,Emissions (CO2eq) (AR5),FAO TIER 1,0,0,0.1456,0.574,0.2408,0.3192,0.378,0.3136,0.336,0.3416,0.3304
Republic of Korea,Rice Cultivation,kt,Emissions (CH4),FAO TIER 1,178.3261,174.8512,171.2563,167.8622,163.5341,158.4897,154.9113,153.2609,152.5507,153.8202,152.6813
Republic of Korea,Rice Cultivation,kt,Emissions (CO2eq) (AR5),FAO TIER 1,4993.1308,4895.8336,4795.1764,4700.1416,4578.9548,4437.7116,4337.5164,4291.3052,4271.4196,4306.9656,4275.0764
Romania,Rice Cultivation,kt,Emissions (CH4),FAO TIER 1,3.1651,3.2421,3.5613,3.0988,2.6418,2.555,2.31,2.0804,1.68,1.5232,0.9184
Romania,Rice Cultivation,kt,Emissions (CO2eq) (AR5),FAO TIER 1,88.6228,90.7788,99.7164,86.7664,73.9704,71.54,64.68,58.2512,47.04,42.6496,25.7152
Russian Federation,Rice Cultivation,kt,Emissions (CH4),FAO TIER 1,53.648,52.9147,54.7546,55.6923,57.0704,51.9817,50.4496,53.3935,54.8618,52.1693,47.505
Russian Federation,Rice Cultivation,kt,Emissions (CO2eq) (AR5),FAO TIER 1,1502.144,1481.6116,1533.1288,1559.3844,1597.9712,1455.4876,1412.5888,1495.018,1536.1304,1460.7404,1330.14
Rwanda,Rice Cultivation,kt,Emissions (CH4),FAO TIER 1,1.0291,1.2298,1.6639,2.1143,2.3401,2.2108,2.2946,2.3027,2.0709,2.2173,2.2577
Rwanda,Rice Cultivation,kt,Emissions (CO2eq) (AR5),FAO TIER 1,28.8148,34.4344,46.5892,59.2004,65.5228,61.9024,64.2488,64.4756,57.9852,62.0844,63.2156
Saudi Arabia,Rice Cultivation,kt,Emissions (CH4),FAO TIER 1,0,0,0,0,0,0.0347,0.0356,0.0644,0.0944,0.0949,0.0952
Saudi Arabia,Rice Cultivation,kt,Emissions (CO2eq) (AR5),FAO TIER 1,0,0,0,0,0,0.9716,0.9968,1.8032,2.6432,2.6572,2.6656
Senegal,Rice Cultivation,kt,Emissions (CH4),FAO TIER 1,8.241,7.5983,9.4481,16.611,19.8451,21.4154,22.6544,24.1917,28.2609,26.6695,26.0689
Senegal,Rice Cultivation,kt,Emissions (CO2eq) (AR5),FAO TIER 1,230.748,212.7524,264.5468,465.108,555.6628,599.6312,634.3232,677.3676,791.3052,746.746,729.9292
Sierra Leone,Rice Cultivation,kt,Emissions (CH4),FAO TIER 1,47.035,43.9916,48.5938,39.635,50.1447,51.1477,76.6203,39.4265,39.6007,61.8802,45.1137
Sierra Leone,Rice Cultivation,kt,Emissions (CO2eq) (AR5),FAO TIER 1,1316.98,1231.7648,1360.6264,1109.78,1404.0516,1432.1356,2145.3684,1103.942,1108.8196,1732.6456,1263.1836
Solomon Islands,Rice Cultivation,kt,Emissions (CH4),FAO TIER 1,0.3003,0.3178,0.3373,0.3422,0.3324,0.3444,0.3397,0.3389,0.341,0.3398,0.3399
Solomon Islands,Rice Cultivation,kt,Emissions (CO2eq) (AR5),FAO TIER 1,8.4084,8.8984,9.4444,9.5816,9.3072,9.6432,9.5116,9.4892,9.548,9.5144,9.5172
Somalia,Rice Cultivation,kt,Emissions (CH4),FAO TIER 1,0.154,0.1873,0.042,0.196,0.105,0.1194,0.1401,0.1215,0.127,0.1296,0.126
Somalia,Rice Cultivation,kt,Emissions (CO2eq) (AR5),FAO TIER 1,4.312,5.2444,1.176,5.488,2.94,3.3432,3.9228,3.402,3.556,3.6288,3.528
South Africa,Rice Cultivation,kt,Emissions (CH4),FAO TIER 1,0.308,0.322,0.321,0.3163,0.3143,0.3117,0.3089,0.3062,0.3039,0.3013,0.2988
South Africa,Rice Cultivation,kt,Emissions (CO2eq) (AR5),FAO TIER 1,8.624,9.016,8.988,8.8564,8.8004,8.7276,8.6492,8.5736,8.5092,8.4364,8.3664
South Sudan,Rice Cultivation,kt,Emissions (CH4),FAO TIER 1,,,,2.4219,2.2411,2.0594,2.1067,3.904,4.1499,4.3005,4.3005
South Sudan,Rice Cultivation,kt,Emissions (CO2eq) (AR5),FAO TIER 1,0,0,0,67.8132,62.7508,57.6632,58.9876,109.312,116.1972,120.414,120.414
Spain,Rice Cultivation,kt,Emissions (CH4),FAO TIER 1,56.8608,56.448,55.6512,55.0822,55.0731,54.2324,52.925,52.0985,51.4382,42.6787,28.2442
Spain,Rice Cultivation,kt,Emissions (CO2eq) (AR5),FAO TIER 1,1592.1024,1580.544,1558.2336,1542.3016,1542.0468,1518.5072,1481.9,1458.758,1440.2696,1195.0036,790.8376
Sri Lanka,Rice Cultivation,kt,Emissions (CH4),FAO TIER 1,113.787,126.7358,93.9851,129.1895,121.7563,84.4563,111.049,102.1563,113.7639,120.1862,118.8678
Sri Lanka,Rice Cultivation,kt,Emissions (CO2eq) (AR5),FAO TIER 1,3186.036,3548.6024,2631.5828,3617.306,3409.1764,2364.7764,3109.372,2860.3764,3185.3892,3365.2136,3328.2984
Sudan,Rice Cultivation,kt,Emissions (CH4),FAO TIER 1,1.0584,1.0587,2.1865,1.0584,0.9996,1.6464,1.5918,1.6156,1.6398,1.3356,1.5054
Sudan,Rice Cultivation,kt,Emissions (CO2eq) (AR5),FAO TIER 1,29.6352,29.6436,61.222,29.6352,27.9888,46.0992,44.5704,45.2368,45.9144,37.3968,42.1512
Suriname,Rice Cultivation,kt,Emissions (CH4),FAO TIER 1,14.3861,16.3167,17.4191,16.5894,17.5596,16.6051,15.7494,16.8518,16.1946,15.9211,15.6628
Suriname,Rice Cultivation,kt,Emissions (CO2eq) (AR5),FAO TIER 1,402.8108,456.8676,487.7348,464.5032,491.6688,464.9428,440.9832,471.8504,453.4488,445.7908,438.5584
Tajikistan,Rice Cultivation,kt,Emissions (CH4),FAO TIER 1,2.8963,2.5758,2.4415,2.5868,3.0064,2.7534,2.599,2.7242,2.8354,2.8574,2.7623
Tajikistan,Rice Cultivation,kt,Emissions (CO2eq) (AR5),FAO TIER 1,81.0964,72.1224,68.362,72.4304,84.1792,77.0952,72.772,76.2776,79.3912,80.0072,77.3444
Thailand,Rice Cultivation,kt,Emissions (CH4),FAO TIER 1,1912.3197,1868.7425,1705.7051,1554.254,1713.2344,1714.4656,1702.9891,1569.3902,1750.3634,1785.6303,1836.7423
Thailand,Rice Cultivation,kt,Emissions (CO2eq) (AR5),FAO TIER 1,53544.9516,52324.79,47759.7428,43519.112,47970.5632,48005.0368,47683.6948,43942.9256,49010.1752,49997.6484,51428.7844
Timor-Leste,Rice Cultivation,kt,Emissions (CH4),FAO TIER 1,7.7239,5.1632,5.2524,4.2446,3.5501,4.2339,3.135,4.1176,3.4876,4.9408,5.7006
Timor-Leste,Rice Cultivation,kt,Emissions (CO2eq) (AR5),FAO TIER 1,216.2692,144.5696,147.0672,118.8488,99.4028,118.5492,87.78,115.2928,97.6528,138.3424,159.6168
Togo,Rice Cultivation,kt,Emissions (CH4),FAO TIER 1,1.0778,1.0331,0.9396,0.9139,0.9286,0.9452,0.9722,1.0044,1.0628,1.0991,1.1195
Togo,Rice Cultivation,kt,Emissions (CO2eq) (AR5),FAO TIER 1,30.1784,28.9268,26.3088,25.5892,26.0008,26.4656,27.2216,28.1232,29.7584,30.7748,31.346
Trinidad and Tobago,Rice Cultivation,kt,Emissions (CH4),FAO TIER 1,0.3049,0.3159,0.4183,0.4184,0.262,0.1789,0.068,0.081,0.0965,0.0462,0.0163
Trinidad and Tobago,Rice Cultivation,kt,Emissions (CO2eq) (AR5),FAO TIER 1,8.5372,8.8452,11.7124,11.7152,7.336,5.0092,1.904,2.268,2.702,1.2936,0.4564
TÃ¼rkiye,Rice Cultivation,kt,Emissions (CH4),FAO TIER 1,33.5059,30.9658,31.0464,32.4397,32.4957,30.6614,33.6384,35.3973,35.1114,36.2531,33.7431
TÃ¼rkiye,Rice Cultivation,kt,Emissions (CO2eq) (AR5),FAO TIER 1,938.1652,867.0424,869.2992,908.3116,909.8796,858.5192,941.8752,991.1244,983.1192,1015.0868,944.8068
Turkmenistan,Rice Cultivation,kt,Emissions (CH4),FAO TIER 1,15.8894,11.1777,9.1266,7.2149,4.2635,4.2489,4.2647,4.64,4.4799,4.28,4.2595
Turkmenistan,Rice Cultivation,kt,Emissions (CO2eq) (AR5),FAO TIER 1,444.9032,312.9756,255.5448,202.0172,119.378,118.9692,119.4116,129.92,125.4372,119.84,119.266
Uganda,Rice Cultivation,kt,Emissions (CH4),FAO TIER 1,6.44,6.51,6.65,6.6694,5.8674,5.005,5.1921,4.3125,9.4915,18.2127,18.2
Uganda,Rice Cultivation,kt,Emissions (CO2eq) (AR5),FAO TIER 1,180.32,182.28,186.2,186.7432,164.2872,140.14,145.3788,120.75,265.762,509.9556,509.6
Ukraine,Rice Cultivation,kt,Emissions (CH4),FAO TIER 1,7.224,6.776,2.856,3.276,3.36,3.556,3.528,2.94,3.136,2.828,0.196
Ukraine,Rice Cultivation,kt,Emissions (CO2eq) (AR5),FAO TIER 1,202.272,189.728,79.968,91.728,94.08,99.568,98.784,82.32,87.808,79.184,5.488
United Republic of Tanzania,Rice Cultivation,kt,Emissions (CH4),FAO TIER 1,124.2207,144.2536,148.7517,179.4042,192.3852,170.5178,160.513,163.5658,212.898,209.9765,155.0892
United Republic of Tanzania,Rice Cultivation,kt,Emissions (CO2eq) (AR5),FAO TIER 1,3478.1796,4039.1008,4165.0476,5023.3176,5386.7856,4774.4984,4494.364,4579.8424,5961.144,5879.342,4342.4976
United States of America,Rice Cultivation,kt,Emissions (CH4),FAO TIER 1,379.456,349.713,415.436,364.728,438.662,336.2555,412.1775,350.847,422.94,351.9775,307.6465
United States of America,Rice Cultivation,kt,Emissions (CO2eq) (AR5),FAO TIER 1,10624.768,9791.964,11632.208,10212.384,12282.536,9415.154,11540.97,9823.716,11842.32,9855.37,8614.102
Uruguay,Rice Cultivation,kt,Emissions (CH4),FAO TIER 1,50.7839,48.3,46.872,44.996,45.1343,46.048,45.472,40.6,39.284,39.004,41.16
Uruguay,Rice Cultivation,kt,Emissions (CO2eq) (AR5),FAO TIER 1,1421.9492,1352.4,1312.416,1259.888,1263.7604,1289.344,1273.216,1136.8,1099.952,1092.112,1152.48
Uzbekistan,Rice Cultivation,kt,Emissions (CH4),FAO TIER 1,16.7707,9.869,10.7262,15.4959,15.7801,15.6693,9.2626,14.2701,10.424,10.7444,10.1815
Uzbekistan,Rice Cultivation,kt,Emissions (CO2eq) (AR5),FAO TIER 1,469.5796,276.332,300.3336,433.8852,441.8428,438.7404,259.3528,399.5628,291.872,300.8432,285.082
Venezuela (Bolivarian Republic of),Rice Cultivation,kt,Emissions (CH4),FAO TIER 1,52.7922,54.1624,57.1024,42.6407,31.7734,42.5021,43.0048,37.8633,43.6834,46.0084,40.1818
Venezuela (Bolivarian Republic of),Rice Cultivation,kt,Emissions (CO2eq) (AR5),FAO TIER 1,1478.1816,1516.5472,1598.8672,1193.9396,889.6552,1190.0588,1204.1344,1060.1724,1223.1352,1288.2352,1125.0904
Viet Nam,Rice Cultivation,kt,Emissions (CH4),FAO TIER 1,1369.8673,1394.8418,1379.6033,1381.7444,1365.1737,1360.5516,1336.2312,1315.193,1274.7498,1274.2898,1251.2085
Viet Nam,Rice Cultivation,kt,Emissions (CO2eq) (AR5),FAO TIER 1,38356.2844,39055.5704,38628.8924,38688.8432,38224.8636,38095.4448,37414.4736,36825.404,35692.9944,35680.1144,35033.838
Zambia,Rice Cultivation,kt,Emissions (CH4),FAO TIER 1,1.8385,2.2135,2.3245,1.2535,1.5461,2.0702,2.1208,1.7203,1.7329,3.0963,2.7707
Zambia,Rice Cultivation,kt,Emissions (CO2eq) (AR5),FAO TIER 1,51.478,61.978,65.086,35.098,43.2908,57.9656,59.3824,48.1684,48.5212,86.6964,77.5796
Zimbabwe,Rice Cultivation,kt,Emissions (CH4),FAO TIER 1,0.1983,0.2072,0.2629,0.3238,0.2646,0.248,0.2371,0.177,0.0859,0.2426,0.15
Zimbabwe,Rice Cultivation,kt,Emissions (CO2eq) (AR5),FAO TIER 1,5.5524,5.8016,7.3612,9.0664,7.4088,6.944,6.6388,4.956,2.4052,6.7928,4.2
